{"cameraMode":{"drawMode":0,"name":"Shaded","section":"Shading Mode"},"sceneLighting":false,"audioPlay":false,"sceneViewState":{"m_AlwaysRefresh":false,"showFog":true,"showSkybox":false,"showFlares":true,"showImageEffects":true,"showParticleSystems":true,"showVisualEffectGraphs":true,"m_FxEnabled":true},"in2DMode":false,"pivot":{"x":29.600000381469728,"y":5.210000038146973,"z":-26.34000015258789},"rotation":{"x":-0.06409235298633576,"y":-0.10578440874814987,"z":0.006829794961959124,"w":-0.9923025965690613},"size":2.170488119125366,"orthographic":true}