{"cameraMode":{"drawMode":0,"name":"Shaded","section":"Shading Mode"},"sceneLighting":false,"audioPlay":false,"sceneViewState":{"m_AlwaysRefresh":false,"showFog":true,"showSkybox":false,"showFlares":true,"showImageEffects":true,"showParticleSystems":true,"showVisualEffectGraphs":true,"m_FxEnabled":true},"in2DMode":false,"pivot":{"x":0.000005856156349182129,"y":-0.0042875707149505619,"z":0.09785619378089905},"rotation":{"x":0.017091423273086549,"y":0.7738233804702759,"z":-0.6328314542770386,"w":0.020897826179862024},"size":0.31673482060432436,"orthographic":false}