{"cameraMode":{"drawMode":0,"name":"Shaded","section":"Shading Mode"},"sceneLighting":true,"audioPlay":false,"sceneViewState":{"m_AlwaysRefresh":false,"showFog":true,"showSkybox":false,"showFlares":true,"showImageEffects":true,"showParticleSystems":true,"showVisualEffectGraphs":true,"m_FxEnabled":true},"in2DMode":false,"pivot":{"x":-4.8236541748046879,"y":1.5805339813232422,"z":3.4252233505249025},"rotation":{"x":-0.06409235298633576,"y":-0.10578440874814987,"z":0.006829794961959124,"w":-0.9923025965690613},"size":3.6373064517974855,"orthographic":true}