{"cameraMode":{"drawMode":0,"name":"Shaded","section":"Shading Mode"},"sceneLighting":true,"audioPlay":false,"sceneViewState":{"m_AlwaysRefresh":false,"showFog":true,"showSkybox":false,"showFlares":true,"showImageEffects":true,"showParticleSystems":true,"showVisualEffectGraphs":true,"m_FxEnabled":true},"in2DMode":false,"pivot":{"x":4.907225608825684,"y":1.5805339813232422,"z":-10.426041603088379},"rotation":{"x":-0.29264548420906069,"y":-0.006888225208967924,"z":0.002107840497046709,"w":-0.9561949372291565},"size":3.6373062133789064,"orthographic":false}