{"cameraMode":{"drawMode":0,"name":"Shaded","section":"Shading Mode"},"sceneLighting":true,"audioPlay":false,"sceneViewState":{"m_AlwaysRefresh":false,"showFog":true,"showSkybox":true,"showFlares":true,"showImageEffects":true,"showParticleSystems":true,"showVisualEffectGraphs":true,"m_FxEnabled":true},"in2DMode":false,"pivot":{"x":1.5428309440612794,"y":-0.3105330467224121,"z":-0.40604257583618166},"rotation":{"x":-0.06409235298633576,"y":-0.10578440874814987,"z":0.006829794961959124,"w":-0.9923025965690613},"size":120.10990142822266,"orthographic":true}