{"cameraMode":{"drawMode":0,"name":"Shaded","section":"Shading Mode"},"sceneLighting":false,"audioPlay":false,"sceneViewState":{"m_AlwaysRefresh":false,"showFog":true,"showSkybox":false,"showFlares":true,"showImageEffects":true,"showParticleSystems":true,"showVisualEffectGraphs":true,"m_FxEnabled":true},"in2DMode":false,"pivot":{"x":0.0001328885555267334,"y":-0.014394447207450867,"z":-0.0006880313158035278},"rotation":{"x":0.00020496340584941208,"y":-0.9995296597480774,"z":0.029994722455739976,"w":0.006904188543558121},"size":1.7307865619659424,"orthographic":false}